"trainer/global_step","1e3 - _step","1e3 - _step__MIN","1e3 - _step__MAX","1e3 - val-MAE Hessian","1e3 - val-MAE Hessian__MIN","1e3 - val-MAE Hessian__MAX","1e6 - _step","1e6 - _step__MIN","1e6 - _step__MAX","1e6 - val-MAE Hessian","1e6 - val-MAE Hessian__MIN","1e6 - val-MAE Hessian__MAX","1e4 - _step","1e4 - _step__MIN","1e4 - _step__MAX","1e4 - val-MAE Hessian","1e4 - val-MAE Hessian__MIN","1e4 - val-MAE Hessian__MAX","1e5 - _step","1e5 - _step__MIN","1e5 - _step__MAX","1e5 - val-MAE Hessian","1e5 - val-MAE Hessian__MIN","1e5 - val-MAE Hessian__MAX","4e5 - _step","4e5 - _step__MIN","4e5 - _step__MAX","4e5 - val-MAE Hessian","4e5 - val-MAE Hessian__MIN","4e5 - val-MAE Hessian__MAX","8e5 - _step","8e5 - _step__MIN","8e5 - _step__MAX","8e5 - val-MAE Hessian","8e5 - val-MAE Hessian__MIN","8e5 - val-MAE Hessian__MAX","1.7e6 - _step","1.7e6 - _step__MIN","1.7e6 - _step__MAX","1.7e6 - val-MAE Hessian","1.7e6 - val-MAE Hessian__MIN","1.7e6 - val-MAE Hessian__MAX","8e4 - _step","8e4 - _step__MIN","8e4 - _step__MAX","8e4 - val-MAE Hessian","8e4 - val-MAE Hessian__MIN","8e4 - val-MAE Hessian__MAX","6e4 - _step","6e4 - _step__MIN","6e4 - _step__MAX","6e4 - val-MAE Hessian","6e4 - val-MAE Hessian__MIN","6e4 - val-MAE Hessian__MAX","4e4 - _step","4e4 - _step__MIN","4e4 - _step__MAX","4e4 - val-MAE Hessian","4e4 - val-MAE Hessian__MIN","4e4 - val-MAE Hessian__MAX"
"3599","7440","7440","7440","0.17162233591079712","0.17162233591079712","0.17162233591079712","7203","7203","7203","0.09380584210157394","0.09380584210157394","0.09380584210157394","7224","7224","7224","0.10013201087713242","0.10013201087713242","0.10013201087713242","7203","7203","7203","0.09218587726354599","0.09218587726354599","0.09218587726354599","7203","7203","7203","0.08570586144924164","0.08570586144924164","0.08570586144924164","7203","7203","7203","0.08319840580224991","0.08319840580224991","0.08319840580224991","7203","7203","7203","0.10433171689510345","0.10433171689510345","0.10433171689510345","7203","7203","7203","0.08839662373065948","0.08839662373065948","0.08839662373065948","7204","7204","7204","0.09621384739875793","0.09621384739875793","0.09621384739875793","7206","7206","7206","0.09245853126049042","0.09245853126049042","0.09245853126049042"
"7199","14881","14881","14881","0.16203022003173828","0.16203022003173828","0.16203022003173828","14406","14406","14406","0.07855070382356644","0.07855070382356644","0.07855070382356644","14448","14448","14448","0.0892576053738594","0.0892576053738594","0.0892576053738594","14406","14406","14406","0.07192438840866089","0.07192438840866089","0.07192438840866089","14406","14406","14406","0.08072344213724136","0.08072344213724136","0.08072344213724136","14406","14406","14406","0.06905704736709595","0.06905704736709595","0.06905704736709595","14406","14406","14406","0.07256091386079788","0.07256091386079788","0.07256091386079788","14407","14407","14407","0.0794508159160614","0.0794508159160614","0.0794508159160614","14409","14409","14409","0.07088631391525269","0.07088631391525269","0.07088631391525269","14413","14413","14413","0.07468478381633759","0.07468478381633759","0.07468478381633759"
"10799","22322","22322","22322","0.15386603772640228","0.15386603772640228","0.15386603772640228","21609","21609","21609","0.06306014209985733","0.06306014209985733","0.06306014209985733","21672","21672","21672","0.08481929451227188","0.08481929451227188","0.08481929451227188","21609","21609","21609","0.06649674475193024","0.06649674475193024","0.06649674475193024","21609","21609","21609","0.07173916697502136","0.07173916697502136","0.07173916697502136","21609","21609","21609","0.06846465170383453","0.06846465170383453","0.06846465170383453","21609","21609","21609","0.07229400426149368","0.07229400426149368","0.07229400426149368","21611","21611","21611","0.07036704570055008","0.07036704570055008","0.07036704570055008","21614","21614","21614","0.07018858939409256","0.07018858939409256","0.07018858939409256","21620","21620","21620","0.07062892615795135","0.07062892615795135","0.07062892615795135"
"14399","29763","29763","29763","0.1574060469865799","0.1574060469865799","0.1574060469865799","28812","28812","28812","0.06030602008104324","0.06030602008104324","0.06030602008104324","28896","28896","28896","0.07899697870016098","0.07899697870016098","0.07899697870016098","28813","28813","28813","0.06076281890273094","0.06076281890273094","0.06076281890273094","28812","28812","28812","0.0621531680226326","0.0621531680226326","0.0621531680226326","28812","28812","28812","0.05768093094229698","0.05768093094229698","0.05768093094229698","28812","28812","28812","0.06303087621927261","0.06303087621927261","0.06303087621927261","28815","28815","28815","0.05901708826422691","0.05901708826422691","0.05901708826422691","28819","28819","28819","0.06598661094903946","0.06598661094903946","0.06598661094903946","28827","28827","28827","0.06402718275785446","0.06402718275785446","0.06402718275785446"
"17999","37204","37204","37204","0.1565442979335785","0.1565442979335785","0.1565442979335785","36016","36016","36016","0.06171584129333496","0.06171584129333496","0.06171584129333496","36120","36120","36120","0.07721696048974991","0.07721696048974991","0.07721696048974991","36016","36016","36016","0.05697856470942497","0.05697856470942497","0.05697856470942497","36016","36016","36016","0.05722939595580101","0.05722939595580101","0.05722939595580101","36016","36016","36016","0.0563812218606472","0.0563812218606472","0.0563812218606472","36016","36016","36016","0.05379008501768112","0.05379008501768112","0.05379008501768112","36019","36019","36019","0.05799983814358711","0.05799983814358711","0.05799983814358711","36024","36024","36024","0.059266168624162674","0.059266168624162674","0.059266168624162674","36033","36033","36033","0.06351817399263382","0.06351817399263382","0.06351817399263382"
"21599","44645","44645","44645","0.150025874376297","0.150025874376297","0.150025874376297","43219","43219","43219","0.0528893806040287","0.0528893806040287","0.0528893806040287","43344","43344","43344","0.07848679274320602","0.07848679274320602","0.07848679274320602","43219","43219","43219","0.058065954595804214","0.058065954595804214","0.058065954595804214","43219","43219","43219","0.05488758161664009","0.05488758161664009","0.05488758161664009","43219","43219","43219","0.05465811863541603","0.05465811863541603","0.05465811863541603","43219","43219","43219","0.05323179438710213","0.05323179438710213","0.05323179438710213","43223","43223","43223","0.056113217025995255","0.056113217025995255","0.056113217025995255","43229","43229","43229","0.05350152403116226","0.05350152403116226","0.05350152403116226","43240","43240","43240","0.059603411704301834","0.059603411704301834","0.059603411704301834"
"25199","52086","52086","52086","0.14897365868091583","0.14897365868091583","0.14897365868091583","50422","50422","50422","0.05112231895327568","0.05112231895327568","0.05112231895327568","50568","50568","50568","0.07689010351896286","0.07689010351896286","0.07689010351896286","50423","50423","50423","0.052736714482307434","0.052736714482307434","0.052736714482307434","50422","50422","50422","0.048715244978666306","0.048715244978666306","0.048715244978666306","50422","50422","50422","0.05337981879711151","0.05337981879711151","0.05337981879711151","50422","50422","50422","0.04794936254620552","0.04794936254620552","0.04794936254620552","50427","50427","50427","0.05291399732232094","0.05291399732232094","0.05291399732232094","50433","50433","50433","0.05573125183582306","0.05573125183582306","0.05573125183582306","50447","50447","50447","0.057399310171604156","0.057399310171604156","0.057399310171604156"
"28799","59527","59527","59527","0.1492486447095871","0.1492486447095871","0.1492486447095871","57625","57625","57625","0.049856122583150864","0.049856122583150864","0.049856122583150864","57792","57792","57792","0.07339625805616379","0.07339625805616379","0.07339625805616379","57626","57626","57626","0.053902123123407364","0.053902123123407364","0.053902123123407364","57625","57625","57625","0.046537820249795914","0.046537820249795914","0.046537820249795914","57625","57625","57625","0.05252040922641754","0.05252040922641754","0.05252040922641754","57625","57625","57625","0.054734084755182266","0.054734084755182266","0.054734084755182266","57631","57631","57631","0.052092090249061584","0.052092090249061584","0.052092090249061584","57638","57638","57638","0.05101361870765686","0.05101361870765686","0.05101361870765686","57654","57654","57654","0.05594393238425255","0.05594393238425255","0.05594393238425255"
"32399","66968","66968","66968","0.14910738170146942","0.14910738170146942","0.14910738170146942","64829","64829","64829","0.04746304824948311","0.04746304824948311","0.04746304824948311","65016","65016","65016","0.07124337553977966","0.07124337553977966","0.07124337553977966","64829","64829","64829","0.05300022289156914","0.05300022289156914","0.05300022289156914","64829","64829","64829","0.04661126434803009","0.04661126434803009","0.04661126434803009","64829","64829","64829","0.04977143928408623","0.04977143928408623","0.04977143928408623","64829","64829","64829","0.046253107488155365","0.046253107488155365","0.046253107488155365","64834","64834","64834","0.05031748116016388","0.05031748116016388","0.05031748116016388","64843","64843","64843","0.052554644644260406","0.052554644644260406","0.052554644644260406","64860","64860","64860","0.05293919891119003","0.05293919891119003","0.05293919891119003"
"35999","74409","74409","74409","0.14753490686416626","0.14753490686416626","0.14753490686416626","72032","72032","72032","0.04701992869377136","0.04701992869377136","0.04701992869377136","72240","72240","72240","0.07381922751665115","0.07381922751665115","0.07381922751665115","72033","72033","72033","0.047598641365766525","0.047598641365766525","0.047598641365766525","72032","72032","72032","0.04723811894655228","0.04723811894655228","0.04723811894655228","72032","72032","72032","0.045546650886535645","0.045546650886535645","0.045546650886535645","72032","72032","72032","0.04830833151936531","0.04830833151936531","0.04830833151936531","72038","72038","72038","0.05126556009054184","0.05126556009054184","0.05126556009054184","72048","72048","72048","0.0515081025660038","0.0515081025660038","0.0515081025660038","72067","72067","72067","0.05331623554229736","0.05331623554229736","0.05331623554229736"
"39599","81850","81850","81850","0.14624203741550446","0.14624203741550446","0.14624203741550446","79235","79235","79235","0.046794481575489044","0.046794481575489044","0.046794481575489044","79464","79464","79464","0.07147291302680969","0.07147291302680969","0.07147291302680969","79236","79236","79236","0.04530911520123482","0.04530911520123482","0.04530911520123482","79235","79235","79235","0.046652358025312424","0.046652358025312424","0.046652358025312424","79235","79235","79235","0.044577281922101974","0.044577281922101974","0.044577281922101974","79235","79235","79235","0.04455868527293205","0.04455868527293205","0.04455868527293205","79242","79242","79242","0.04907857999205589","0.04907857999205589","0.04907857999205589","79253","79253","79253","0.05396771430969238","0.05396771430969238","0.05396771430969238","79274","79274","79274","0.055836234241724014","0.055836234241724014","0.055836234241724014"
"43199","89291","89291","89291","0.14686371386051178","0.14686371386051178","0.14686371386051178","86438","86438","86438","0.047288015484809875","0.047288015484809875","0.047288015484809875","86688","86688","86688","0.07261397689580917","0.07261397689580917","0.07261397689580917","86439","86439","86439","0.04940611496567726","0.04940611496567726","0.04940611496567726","86438","86438","86438","0.045195288956165314","0.045195288956165314","0.045195288956165314","86438","86438","86438","0.04459269344806671","0.04459269344806671","0.04459269344806671","86438","86438","86438","0.0434514619410038","0.0434514619410038","0.0434514619410038","86446","86446","86446","0.04771020635962486","0.04771020635962486","0.04771020635962486","86458","86458","86458","0.04940140247344971","0.04940140247344971","0.04940140247344971","86481","86481","86481","0.05251578241586685","0.05251578241586685","0.05251578241586685"
"46799","96732","96732","96732","0.14593827724456787","0.14593827724456787","0.14593827724456787","93642","93642","93642","0.04317042976617813","0.04317042976617813","0.04317042976617813","93912","93912","93912","0.07123731076717377","0.07123731076717377","0.07123731076717377","93642","93642","93642","0.046550896018743515","0.046550896018743515","0.046550896018743515","93642","93642","93642","0.04301879182457924","0.04301879182457924","0.04301879182457924","93642","93642","93642","0.04488484933972359","0.04488484933972359","0.04488484933972359","93642","93642","93642","0.04592566192150116","0.04592566192150116","0.04592566192150116","93650","93650","93650","0.04956331476569176","0.04956331476569176","0.04956331476569176","93662","93662","93662","0.053496990352869034","0.053496990352869034","0.053496990352869034","93687","93687","93687","0.05374949052929878","0.05374949052929878","0.05374949052929878"
"50399","104173","104173","104173","0.14700740575790405","0.14700740575790405","0.14700740575790405","100845","100845","100845","0.04209466651082039","0.04209466651082039","0.04209466651082039","101137","101137","101137","0.06879531592130661","0.06879531592130661","0.06879531592130661","100846","100846","100846","0.04540347680449486","0.04540347680449486","0.04540347680449486","100845","100845","100845","0.04508815333247185","0.04508815333247185","0.04508815333247185","100845","100845","100845","0.042674850672483444","0.042674850672483444","0.042674850672483444","100845","100845","100845","0.0433928407728672","0.0433928407728672","0.0433928407728672","100854","100854","100854","0.046526968479156494","0.046526968479156494","0.046526968479156494","100867","100867","100867","0.04793628677725792","0.04793628677725792","0.04793628677725792","100894","100894","100894","0.053648535162210464","0.053648535162210464","0.053648535162210464"
"53999","111614","111614","111614","0.14632868766784668","0.14632868766784668","0.14632868766784668","108048","108048","108048","0.04308151453733444","0.04308151453733444","0.04308151453733444","108361","108361","108361","0.07147371023893356","0.07147371023893356","0.07147371023893356","108049","108049","108049","0.04571225121617317","0.04571225121617317","0.04571225121617317","108048","108048","108048","0.043206505477428436","0.043206505477428436","0.043206505477428436","108048","108048","108048","0.04434260353446007","0.04434260353446007","0.04434260353446007","108048","108048","108048","0.04081856459379196","0.04081856459379196","0.04081856459379196","108058","108058","108058","0.04677493870258331","0.04677493870258331","0.04677493870258331","108072","108072","108072","0.04844963923096657","0.04844963923096657","0.04844963923096657","108101","108101","108101","0.0522526316344738","0.0522526316344738","0.0522526316344738"
"57599","119055","119055","119055","0.14602415263652802","0.14602415263652802","0.14602415263652802","115251","115251","115251","0.04314028099179268","0.04314028099179268","0.04314028099179268","115585","115585","115585","0.0724005326628685","0.0724005326628685","0.0724005326628685","115252","115252","115252","0.04566706717014313","0.04566706717014313","0.04566706717014313","115251","115251","115251","0.04421590268611908","0.04421590268611908","0.04421590268611908","115251","115251","115251","0.041860323399305344","0.041860323399305344","0.041860323399305344","115251","115251","115251","0.042567260563373566","0.042567260563373566","0.042567260563373566","115262","115262","115262","0.04555923491716385","0.04555923491716385","0.04555923491716385","115277","115277","115277","0.049726177006959915","0.049726177006959915","0.049726177006959915","115308","115308","115308","0.050551820546388626","0.050551820546388626","0.050551820546388626"
"61199","126496","126496","126496","0.14536401629447937","0.14536401629447937","0.14536401629447937","122455","122455","122455","0.04374336451292038","0.04374336451292038","0.04374336451292038","122809","122809","122809","0.0707695409655571","0.0707695409655571","0.0707695409655571","122456","122456","122456","0.04586018621921539","0.04586018621921539","0.04586018621921539","122455","122455","122455","0.04486021026968956","0.04486021026968956","0.04486021026968956","122455","122455","122455","0.04266771301627159","0.04266771301627159","0.04266771301627159","122455","122455","122455","0.046842217445373535","0.046842217445373535","0.046842217445373535","122465","122465","122465","0.0472882054746151","0.0472882054746151","0.0472882054746151","122482","122482","122482","0.04653499647974968","0.04653499647974968","0.04653499647974968","122514","122514","122514","0.05103398859500885","0.05103398859500885","0.05103398859500885"
"64799","133937","133937","133937","0.14576710760593414","0.14576710760593414","0.14576710760593414","129658","129658","129658","0.04190512374043465","0.04190512374043465","0.04190512374043465","130033","130033","130033","0.071257084608078","0.071257084608078","0.071257084608078","129659","129659","129659","0.04979206621646881","0.04979206621646881","0.04979206621646881","129658","129658","129658","0.04267013072967529","0.04267013072967529","0.04267013072967529","129658","129658","129658","0.041771646589040756","0.041771646589040756","0.041771646589040756","129658","129658","129658","0.04125887528061867","0.04125887528061867","0.04125887528061867","129669","129669","129669","0.046213649213314056","0.046213649213314056","0.046213649213314056","129687","129687","129687","0.046638842672109604","0.046638842672109604","0.046638842672109604","129721","129721","129721","0.0492074079811573","0.0492074079811573","0.0492074079811573"
"68399","141378","141378","141378","0.146162748336792","0.146162748336792","0.146162748336792","136861","136861","136861","0.04250520095229149","0.04250520095229149","0.04250520095229149","137257","137257","137257","0.06874290108680725","0.06874290108680725","0.06874290108680725","136862","136862","136862","0.04375985637307167","0.04375985637307167","0.04375985637307167","136861","136861","136861","0.04093249887228012","0.04093249887228012","0.04093249887228012","136861","136861","136861","0.04004582390189171","0.04004582390189171","0.04004582390189171","136861","136861","136861","0.04298483207821846","0.04298483207821846","0.04298483207821846","136873","136873","136873","0.04465163126587868","0.04465163126587868","0.04465163126587868","136891","136891","136891","0.04801434278488159","0.04801434278488159","0.04801434278488159","136928","136928","136928","0.05390920862555504","0.05390920862555504","0.05390920862555504"
"71999","148819","148819","148819","0.14518024027347565","0.14518024027347565","0.14518024027347565","144064","144064","144064","0.040088240057229996","0.040088240057229996","0.040088240057229996","144481","144481","144481","0.06810630112886429","0.06810630112886429","0.06810630112886429","144066","144066","144066","0.044847629964351654","0.044847629964351654","0.044847629964351654","144064","144064","144064","0.04146584868431091","0.04146584868431091","0.04146584868431091","144064","144064","144064","0.04233222454786301","0.04233222454786301","0.04233222454786301","144064","144064","144064","0.039708323776721954","0.039708323776721954","0.039708323776721954","144077","144077","144077","0.04450152441859245","0.04450152441859245","0.04450152441859245","144096","144096","144096","0.04658716544508934","0.04658716544508934","0.04658716544508934","144135","144135","144135","0.04809393361210823","0.04809393361210823","0.04809393361210823"
"75599","156260","156260","156260","0.14541587233543396","0.14541587233543396","0.14541587233543396","151268","151268","151268","0.0398164726793766","0.0398164726793766","0.0398164726793766","151705","151705","151705","0.06855791807174683","0.06855791807174683","0.06855791807174683","151269","151269","151269","0.04301401227712631","0.04301401227712631","0.04301401227712631","151268","151268","151268","0.04100385680794716","0.04100385680794716","0.04100385680794716","151268","151268","151268","0.04100096970796585","0.04100096970796585","0.04100096970796585","151268","151268","151268","0.043492138385772705","0.043492138385772705","0.043492138385772705","151281","151281","151281","0.043889302760362625","0.043889302760362625","0.043889302760362625","151301","151301","151301","0.043288011103868484","0.043288011103868484","0.043288011103868484","151341","151341","151341","0.04756348580121994","0.04756348580121994","0.04756348580121994"
"79199","163701","163701","163701","0.1453087329864502","0.1453087329864502","0.1453087329864502","158471","158471","158471","0.03911649063229561","0.03911649063229561","0.03911649063229561","158929","158929","158929","0.06844186037778854","0.06844186037778854","0.06844186037778854","158472","158472","158472","0.04233464598655701","0.04233464598655701","0.04233464598655701","158471","158471","158471","0.039317309856414795","0.039317309856414795","0.039317309856414795","158471","158471","158471","0.04017244651913643","0.04017244651913643","0.04017244651913643","158471","158471","158471","0.04030280187726021","0.04030280187726021","0.04030280187726021","158485","158485","158485","0.04336242005228996","0.04336242005228996","0.04336242005228996","158506","158506","158506","0.04644953832030296","0.04644953832030296","0.04644953832030296","158548","158548","158548","0.048345986753702164","0.048345986753702164","0.048345986753702164"
"82799","171142","171142","171142","0.14568182826042175","0.14568182826042175","0.14568182826042175","165674","165674","165674","0.04542515054345131","0.04542515054345131","0.04542515054345131","166153","166153","166153","0.06835398823022842","0.06835398823022842","0.06835398823022842","165676","165676","165676","0.04346565157175064","0.04346565157175064","0.04346565157175064","165674","165674","165674","0.041615329682826996","0.041615329682826996","0.041615329682826996","165674","165674","165674","0.040782757103443146","0.040782757103443146","0.040782757103443146","165674","165674","165674","0.03992420807480812","0.03992420807480812","0.03992420807480812","165689","165689","165689","0.04329390823841095","0.04329390823841095","0.04329390823841095","165711","165711","165711","0.04625372216105461","0.04625372216105461","0.04625372216105461","165755","165755","165755","0.04773525148630142","0.04773525148630142","0.04773525148630142"
"86399","178583","178583","178583","0.1443396955728531","0.1443396955728531","0.1443396955728531","172877","172877","172877","0.04067319259047508","0.04067319259047508","0.04067319259047508","173377","173377","173377","0.06942642480134964","0.06942642480134964","0.06942642480134964","172879","172879","172879","0.04087882861495018","0.04087882861495018","0.04087882861495018","172877","172877","172877","0.03870558738708496","0.03870558738708496","0.03870558738708496","172877","172877","172877","0.039776984602212906","0.039776984602212906","0.039776984602212906","172877","172877","172877","0.03992766514420509","0.03992766514420509","0.03992766514420509","172893","172893","172893","0.045073941349983215","0.045073941349983215","0.045073941349983215","172916","172916","172916","0.049010101705789566","0.049010101705789566","0.049010101705789566","172962","172962","172962","0.04925910010933876","0.04925910010933876","0.04925910010933876"
"89999","186024","186024","186024","0.14594227075576782","0.14594227075576782","0.14594227075576782","180081","180081","180081","0.03962991014122963","0.03962991014122963","0.03962991014122963","180601","180601","180601","0.06892091780900955","0.06892091780900955","0.06892091780900955","180082","180082","180082","0.04583742842078209","0.04583742842078209","0.04583742842078209","180081","180081","180081","0.039757926017045975","0.039757926017045975","0.039757926017045975","180081","180081","180081","0.03779926151037216","0.03779926151037216","0.03779926151037216","180081","180081","180081","0.03910007327795029","0.03910007327795029","0.03910007327795029","180096","180096","180096","0.04506247863173485","0.04506247863173485","0.04506247863173485","180121","180121","180121","0.04612495377659798","0.04612495377659798","0.04612495377659798","180168","180168","180168","0.04729325696825981","0.04729325696825981","0.04729325696825981"
"93599","193465","193465","193465","0.14462827146053314","0.14462827146053314","0.14462827146053314","187284","187284","187284","0.040623705834150314","0.040623705834150314","0.040623705834150314","187825","187825","187825","0.06910879909992218","0.06910879909992218","0.06910879909992218","187285","187285","187285","0.040659114718437195","0.040659114718437195","0.040659114718437195","187284","187284","187284","0.040781665593385696","0.040781665593385696","0.040781665593385696","187284","187284","187284","0.04096608608961105","0.04096608608961105","0.04096608608961105","187284","187284","187284","0.03999736160039902","0.03999736160039902","0.03999736160039902","187300","187300","187300","0.04207282140851021","0.04207282140851021","0.04207282140851021","187325","187325","187325","0.04507870972156525","0.04507870972156525","0.04507870972156525","187375","187375","187375","0.04719291999936104","0.04719291999936104","0.04719291999936104"
"97199","200906","200906","200906","0.14467483758926392","0.14467483758926392","0.14467483758926392","194487","194487","194487","0.04014100879430771","0.04014100879430771","0.04014100879430771","195050","195050","195050","0.06891559064388275","0.06891559064388275","0.06891559064388275","194489","194489","194489","0.042445555329322815","0.042445555329322815","0.042445555329322815","194487","194487","194487","0.04029923677444458","0.04029923677444458","0.04029923677444458","194487","194487","194487","0.036871541291475296","0.036871541291475296","0.036871541291475296","194487","194487","194487","0.03819441422820091","0.03819441422820091","0.03819441422820091","194504","194504","194504","0.04337923973798752","0.04337923973798752","0.04337923973798752","194530","194530","194530","0.045674070715904236","0.045674070715904236","0.045674070715904236","194582","194582","194582","0.04672781750559807","0.04672781750559807","0.04672781750559807"
"100799","208347","208347","208347","0.14466942846775055","0.14466942846775055","0.14466942846775055","201690","201690","201690","0.03943169489502907","0.03943169489502907","0.03943169489502907","202274","202274","202274","0.06845662742853165","0.06845662742853165","0.06845662742853165","201692","201692","201692","0.04284576699137688","0.04284576699137688","0.04284576699137688","201690","201690","201690","0.039992738515138626","0.039992738515138626","0.039992738515138626","201690","201690","201690","0.03893811255693436","0.03893811255693436","0.03893811255693436","201690","201690","201690","0.04160686954855919","0.04160686954855919","0.04160686954855919","201708","201708","201708","0.04126116260886192","0.04126116260886192","0.04126116260886192","201735","201735","201735","0.04383784160017967","0.04383784160017967","0.04383784160017967","201789","201789","201789","0.046717945486307144","0.046717945486307144","0.046717945486307144"
"104399","215788","215788","215788","0.1449994444847107","0.1449994444847107","0.1449994444847107","208894","208894","208894","0.03700718283653259","0.03700718283653259","0.03700718283653259","209498","209498","209498","0.06804173439741135","0.06804173439741135","0.06804173439741135","208895","208895","208895","0.04110664129257202","0.04110664129257202","0.04110664129257202","208894","208894","208894","0.041397061198949814","0.041397061198949814","0.041397061198949814","208894","208894","208894","0.03983885049819946","0.03983885049819946","0.03983885049819946","208894","208894","208894","0.037340905517339706","0.037340905517339706","0.037340905517339706","208912","208912","208912","0.0406196191906929","0.0406196191906929","0.0406196191906929","208940","208940","208940","0.043013058602809906","0.043013058602809906","0.043013058602809906","208996","208996","208996","0.04544994607567787","0.04544994607567787","0.04544994607567787"
"107999","223229","223229","223229","0.1441071331501007","0.1441071331501007","0.1441071331501007","216097","216097","216097","0.03772824630141258","0.03772824630141258","0.03772824630141258","216722","216722","216722","0.06853273510932922","0.06853273510932922","0.06853273510932922","216099","216099","216099","0.04147708788514137","0.04147708788514137","0.04147708788514137","216097","216097","216097","0.0379793755710125","0.0379793755710125","0.0379793755710125","216097","216097","216097","0.03708907589316368","0.03708907589316368","0.03708907589316368","216097","216097","216097","0.0384708046913147","0.0384708046913147","0.0384708046913147","216116","216116","216116","0.04333186522126198","0.04333186522126198","0.04333186522126198","216145","216145","216145","0.04342268407344818","0.04342268407344818","0.04342268407344818","216202","216202","216202","0.04654203727841377","0.04654203727841377","0.04654203727841377"
"111599","230670","230670","230670","0.1454252153635025","0.1454252153635025","0.1454252153635025","223300","223300","223300","0.037085987627506256","0.037085987627506256","0.037085987627506256","223946","223946","223946","0.0674692913889885","0.0674692913889885","0.0674692913889885","223302","223302","223302","0.040628090500831604","0.040628090500831604","0.040628090500831604","223300","223300","223300","0.03768383339047432","0.03768383339047432","0.03768383339047432","223300","223300","223300","0.03893781080842018","0.03893781080842018","0.03893781080842018","223300","223300","223300","0.03935065492987633","0.03935065492987633","0.03935065492987633","223320","223320","223320","0.043379392474889755","0.043379392474889755","0.043379392474889755","223350","223350","223350","0.04297228530049324","0.04297228530049324","0.04297228530049324","223409","223409","223409","0.05095655098557472","0.05095655098557472","0.05095655098557472"
"115199","238111","238111","238111","0.1446060687303543","0.1446060687303543","0.1446060687303543","230503","230503","230503","0.038091085851192474","0.038091085851192474","0.038091085851192474","231170","231170","231170","0.06896800547838211","0.06896800547838211","0.06896800547838211","230505","230505","230505","0.041267279535532","0.041267279535532","0.041267279535532","230503","230503","230503","0.03754181042313576","0.03754181042313576","0.03754181042313576","230503","230503","230503","0.038138989359140396","0.038138989359140396","0.038138989359140396","230503","230503","230503","0.03645480051636696","0.03645480051636696","0.03645480051636696","230524","230524","230524","0.04318525642156601","0.04318525642156601","0.04318525642156601","230554","230554","230554","0.04194005951285362","0.04194005951285362","0.04194005951285362","230616","230616","230616","0.047392234206199646","0.047392234206199646","0.047392234206199646"
"118799","245552","245552","245552","0.14719326794147491","0.14719326794147491","0.14719326794147491","237707","237707","237707","0.03703466057777405","0.03703466057777405","0.03703466057777405","238394","238394","238394","0.06923055648803711","0.06923055648803711","0.06923055648803711","237709","237709","237709","0.03911300376057625","0.03911300376057625","0.03911300376057625","237707","237707","237707","0.03712280094623566","0.03712280094623566","0.03712280094623566","237707","237707","237707","0.03922753036022186","0.03922753036022186","0.03922753036022186","237707","237707","237707","0.03748326376080513","0.03748326376080513","0.03748326376080513","237728","237728","237728","0.04231083393096924","0.04231083393096924","0.04231083393096924","237759","237759","237759","0.04315705597400665","0.04315705597400665","0.04315705597400665","237823","237823","237823","0.045782722532749176","0.045782722532749176","0.045782722532749176"
"122399","252993","252993","252993","0.1446731686592102","0.1446731686592102","0.1446731686592102","244910","244910","244910","0.03832404315471649","0.03832404315471649","0.03832404315471649","245618","245618","245618","0.06897210329771042","0.06897210329771042","0.06897210329771042","244912","244912","244912","0.038688793778419495","0.038688793778419495","0.038688793778419495","244910","244910","244910","0.03633355349302292","0.03633355349302292","0.03633355349302292","244910","244910","244910","0.038116246461868286","0.038116246461868286","0.038116246461868286","244910","244910","244910","0.03980908915400505","0.03980908915400505","0.03980908915400505","244931","244931","244931","0.04091079905629158","0.04091079905629158","0.04091079905629158","244964","244964","244964","0.04362957924604416","0.04362957924604416","0.04362957924604416","245029","245029","245029","0.04734405502676964","0.04734405502676964","0.04734405502676964"
"125999","260434","260434","260434","0.1459313929080963","0.1459313929080963","0.1459313929080963","252113","252113","252113","0.038764938712120056","0.038764938712120056","0.038764938712120056","252842","252842","252842","0.06902802735567093","0.06902802735567093","0.06902802735567093","252115","252115","252115","0.044131312519311905","0.044131312519311905","0.044131312519311905","252113","252113","252113","0.03663286566734314","0.03663286566734314","0.03663286566734314","252113","252113","252113","0.037842944264411926","0.037842944264411926","0.037842944264411926","252113","252113","252113","0.03718279302120209","0.03718279302120209","0.03718279302120209","252135","252135","252135","0.04359661042690277","0.04359661042690277","0.04359661042690277","252169","252169","252169","0.045109979808330536","0.045109979808330536","0.045109979808330536","252236","252236","252236","0.04638022556900978","0.04638022556900978","0.04638022556900978"
"129599","267875","267875","267875","0.14471739530563354","0.14471739530563354","0.14471739530563354","259316","259316","259316","0.03809523209929466","0.03809523209929466","0.03809523209929466","260066","260066","260066","0.06713803857564926","0.06713803857564926","0.06713803857564926","259318","259318","259318","0.03881867974996567","0.03881867974996567","0.03881867974996567","259316","259316","259316","0.03719375282526016","0.03719375282526016","0.03719375282526016","259316","259316","259316","0.037068769335746765","0.037068769335746765","0.037068769335746765","259316","259316","259316","0.037074148654937744","0.037074148654937744","0.037074148654937744","259339","259339","259339","0.04204098507761955","0.04204098507761955","0.04204098507761955","259374","259374","259374","0.04302811622619629","0.04302811622619629","0.04302811622619629","259443","259443","259443","0.047092895954847336","0.047092895954847336","0.047092895954847336"
"133199","275316","275316","275316","0.14436034858226776","0.14436034858226776","0.14436034858226776","266520","266520","266520","0.035936444997787476","0.035936444997787476","0.035936444997787476","267290","267290","267290","0.0679740309715271","0.0679740309715271","0.0679740309715271","266522","266522","266522","0.04272307828068733","0.04272307828068733","0.04272307828068733","266520","266520","266520","0.0380844883620739","0.0380844883620739","0.0380844883620739","266520","266520","266520","0.04098566249012947","0.04098566249012947","0.04098566249012947","266520","266520","266520","0.03631960228085518","0.03631960228085518","0.03631960228085518","266543","266543","266543","0.039701350033283234","0.039701350033283234","0.039701350033283234","266579","266579","266579","0.043289054185152054","0.043289054185152054","0.043289054185152054","266650","266650","266650","0.04596550017595291","0.04596550017595291","0.04596550017595291"
"136799","282757","282757","282757","0.14442124962806702","0.14442124962806702","0.14442124962806702","273723","273723","273723","0.03675997257232666","0.03675997257232666","0.03675997257232666","274514","274514","274514","0.06730987131595612","0.06730987131595612","0.06730987131595612","273725","273725","273725","0.038775280117988586","0.038775280117988586","0.038775280117988586","273723","273723","273723","0.03841382637619972","0.03841382637619972","0.03841382637619972","273723","273723","273723","0.03649862855672836","0.03649862855672836","0.03649862855672836","273723","273723","273723","0.03715815022587776","0.03715815022587776","0.03715815022587776","273747","273747","273747","0.040330544114112854","0.040330544114112854","0.040330544114112854","273783","273783","273783","0.04184328019618988","0.04184328019618988","0.04184328019618988","273856","273856","273856","0.04689405858516693","0.04689405858516693","0.04689405858516693"
"140399","290198","290198","290198","0.14421091973781586","0.14421091973781586","0.14421091973781586","280926","280926","280926","0.03578271344304085","0.03578271344304085","0.03578271344304085","281738","281738","281738","0.06662718951702118","0.06662718951702118","0.06662718951702118","280928","280928","280928","0.03923257067799568","0.03923257067799568","0.03923257067799568","280926","280926","280926","0.03853105008602142","0.03853105008602142","0.03853105008602142","280926","280926","280926","0.03801167756319046","0.03801167756319046","0.03801167756319046","280926","280926","280926","0.037127017974853516","0.037127017974853516","0.037127017974853516","280951","280951","280951","0.03957828879356384","0.03957828879356384","0.03957828879356384","280988","280988","280988","0.041094694286584854","0.041094694286584854","0.041094694286584854","281063","281063","281063","0.044755883514881134","0.044755883514881134","0.044755883514881134"
"143999","297639","297639","297639","0.14439786970615387","0.14439786970615387","0.14439786970615387","288129","288129","288129","0.03552048280835152","0.03552048280835152","0.03552048280835152","288963","288963","288963","0.06944317370653152","0.06944317370653152","0.06944317370653152","288132","288132","288132","0.04091751575469971","0.04091751575469971","0.04091751575469971","288129","288129","288129","0.03858841955661774","0.03858841955661774","0.03858841955661774","288129","288129","288129","0.038112420588731766","0.038112420588731766","0.038112420588731766","288129","288129","288129","0.03529871627688408","0.03529871627688408","0.03529871627688408","288155","288155","288155","0.04169566556811333","0.04169566556811333","0.04169566556811333","288193","288193","288193","0.04097660630941391","0.04097660630941391","0.04097660630941391","288270","288270","288270","0.04688890278339386","0.04688890278339386","0.04688890278339386"
"147599","305080","305080","305080","0.14413422346115112","0.14413422346115112","0.14413422346115112","295333","295333","295333","0.036388102918863297","0.036388102918863297","0.036388102918863297","296187","296187","296187","0.06773337721824646","0.06773337721824646","0.06773337721824646","295335","295335","295335","0.03937237337231636","0.03937237337231636","0.03937237337231636","295333","295333","295333","0.03753827139735222","0.03753827139735222","0.03753827139735222","295333","295333","295333","0.03483443334698677","0.03483443334698677","0.03483443334698677","295333","295333","295333","0.036381375044584274","0.036381375044584274","0.036381375044584274","295359","295359","295359","0.04173194617033005","0.04173194617033005","0.04173194617033005","295398","295398","295398","0.041378822177648544","0.041378822177648544","0.041378822177648544","295477","295477","295477","0.046247586607933044","0.046247586607933044","0.046247586607933044"
"151199","","","","","","","302536","302536","302536","0.03747229278087616","0.03747229278087616","0.03747229278087616","303411","303411","303411","0.0682477056980133","0.0682477056980133","0.0682477056980133","302538","302538","302538","0.03797673061490059","0.03797673061490059","0.03797673061490059","302536","302536","302536","0.037535425275564194","0.037535425275564194","0.037535425275564194","302536","302536","302536","0.036008723080158234","0.036008723080158234","0.036008723080158234","302536","302536","302536","0.03474348410964012","0.03474348410964012","0.03474348410964012","302562","302562","302562","0.03981221839785576","0.03981221839785576","0.03981221839785576","302603","302603","302603","0.04168589785695076","0.04168589785695076","0.04168589785695076","302683","302683","302683","0.04718588665127754","0.04718588665127754","0.04718588665127754"
"154799","","","","","","","309739","309739","309739","0.040627166628837585","0.040627166628837585","0.040627166628837585","310635","310635","310635","0.0676126554608345","0.0676126554608345","0.0676126554608345","309742","309742","309742","0.03960447013378143","0.03960447013378143","0.03960447013378143","309739","309739","309739","0.03631119802594185","0.03631119802594185","0.03631119802594185","309739","309739","309739","0.03842220827937126","0.03842220827937126","0.03842220827937126","309739","309739","309739","0.03436475619673729","0.03436475619673729","0.03436475619673729","309766","309766","309766","0.041879694908857346","0.041879694908857346","0.041879694908857346","309808","309808","309808","0.041987184435129166","0.041987184435129166","0.041987184435129166","309890","309890","309890","0.043783895671367645","0.043783895671367645","0.043783895671367645"
"158399","","","","","","","316942","316942","316942","0.0370500274002552","0.0370500274002552","0.0370500274002552","317859","317859","317859","0.06727353483438492","0.06727353483438492","0.06727353483438492","316945","316945","316945","0.03791411593556404","0.03791411593556404","0.03791411593556404","316942","316942","316942","0.03505067527294159","0.03505067527294159","0.03505067527294159","316942","316942","316942","0.03561576455831528","0.03561576455831528","0.03561576455831528","316942","316942","316942","0.03445695340633392","0.03445695340633392","0.03445695340633392","316970","316970","316970","0.0420900359749794","0.0420900359749794","0.0420900359749794","317013","317013","317013","0.043231550604104996","0.043231550604104996","0.043231550604104996","317097","317097","317097","0.045324623584747314","0.045324623584747314","0.045324623584747314"
"161999","","","","","","","324146","324146","324146","0.03654550388455391","0.03654550388455391","0.03654550388455391","325083","325083","325083","0.06743299961090088","0.06743299961090088","0.06743299961090088","324148","324148","324148","0.04120166599750519","0.04120166599750519","0.04120166599750519","324146","324146","324146","0.0386841855943203","0.0386841855943203","0.0386841855943203","324146","324146","324146","0.03441990166902542","0.03441990166902542","0.03441990166902542","324146","324146","324146","0.03486721217632294","0.03486721217632294","0.03486721217632294","324174","324174","324174","0.041425324976444244","0.041425324976444244","0.041425324976444244","324217","324217","324217","0.04417777433991432","0.04417777433991432","0.04417777433991432","324304","324304","324304","0.04382440447807312","0.04382440447807312","0.04382440447807312"
"165599","","","","","","","331349","331349","331349","0.03649354353547096","0.03649354353547096","0.03649354353547096","332307","332307","332307","0.06675302237272263","0.06675302237272263","0.06675302237272263","331352","331352","331352","0.03847799077630043","0.03847799077630043","0.03847799077630043","331349","331349","331349","0.03482765331864357","0.03482765331864357","0.03482765331864357","331349","331349","331349","0.034299127757549286","0.034299127757549286","0.034299127757549286","331349","331349","331349","0.03530016914010048","0.03530016914010048","0.03530016914010048","331378","331378","331378","0.04194267466664314","0.04194267466664314","0.04194267466664314","331422","331422","331422","0.04252486303448677","0.04252486303448677","0.04252486303448677","331510","331510","331510","0.04566343128681183","0.04566343128681183","0.04566343128681183"
"169199","","","","","","","338552","338552","338552","0.034513868391513824","0.034513868391513824","0.034513868391513824","339531","339531","339531","0.06907349079847336","0.06907349079847336","0.06907349079847336","338555","338555","338555","0.04079798609018326","0.04079798609018326","0.04079798609018326","338552","338552","338552","0.0361628383398056","0.0361628383398056","0.0361628383398056","338552","338552","338552","0.03600351884961128","0.03600351884961128","0.03600351884961128","338552","338552","338552","0.03466307744383812","0.03466307744383812","0.03466307744383812","338582","338582","338582","0.03874249756336212","0.03874249756336212","0.03874249756336212","338627","338627","338627","0.04203866049647331","0.04203866049647331","0.04203866049647331","338717","338717","338717","0.04517427459359169","0.04517427459359169","0.04517427459359169"
"172799","","","","","","","345755","345755","345755","0.0351501889526844","0.0351501889526844","0.0351501889526844","346755","346755","346755","0.06766301393508911","0.06766301393508911","0.06766301393508911","345758","345758","345758","0.038711149245500565","0.038711149245500565","0.038711149245500565","345755","345755","345755","0.036441221833229065","0.036441221833229065","0.036441221833229065","345755","345755","345755","0.034171923995018005","0.034171923995018005","0.034171923995018005","345755","345755","345755","0.037142228335142136","0.037142228335142136","0.037142228335142136","345786","345786","345786","0.044715214520692825","0.044715214520692825","0.044715214520692825","345832","345832","345832","0.04085002467036247","0.04085002467036247","0.04085002467036247","345924","345924","345924","0.045690637081861496","0.045690637081861496","0.045690637081861496"
"176399","","","","","","","352959","352959","352959","0.038397323340177536","0.038397323340177536","0.038397323340177536","353979","353979","353979","0.06771261245012283","0.06771261245012283","0.06771261245012283","352961","352961","352961","0.03827110677957535","0.03827110677957535","0.03827110677957535","352959","352959","352959","0.03597155213356018","0.03597155213356018","0.03597155213356018","352959","352959","352959","0.03454560041427612","0.03454560041427612","0.03454560041427612","352959","352959","352959","0.03451588749885559","0.03451588749885559","0.03451588749885559","352990","352990","352990","0.03920052573084831","0.03920052573084831","0.03920052573084831","353037","353037","353037","0.04091348499059677","0.04091348499059677","0.04091348499059677","353131","353131","353131","0.043802592903375626","0.043802592903375626","0.043802592903375626"
"179999","","","","","","","360162","360162","360162","0.03404974937438965","0.03404974937438965","0.03404974937438965","361203","361203","361203","0.06812423467636108","0.06812423467636108","0.06812423467636108","360165","360165","360165","0.03851151093840599","0.03851151093840599","0.03851151093840599","360162","360162","360162","0.03525930270552635","0.03525930270552635","0.03525930270552635","360162","360162","360162","0.03507807105779648","0.03507807105779648","0.03507807105779648","360162","360162","360162","0.035544030368328094","0.035544030368328094","0.035544030368328094","360193","360193","360193","0.039937376976013184","0.039937376976013184","0.039937376976013184","360242","360242","360242","0.04269789531826973","0.04269789531826973","0.04269789531826973","360337","360337","360337","0.044638507068157196","0.044638507068157196","0.044638507068157196"
"183599","","","","","","","367365","367365","367365","0.034736573696136475","0.034736573696136475","0.034736573696136475","368427","368427","368427","0.06989433616399765","0.06989433616399765","0.06989433616399765","367368","367368","367368","0.038293950259685516","0.038293950259685516","0.038293950259685516","367365","367365","367365","0.035981785506010056","0.035981785506010056","0.035981785506010056","367365","367365","367365","0.03391628339886665","0.03391628339886665","0.03391628339886665","367365","367365","367365","0.03364637494087219","0.03364637494087219","0.03364637494087219","367397","367397","367397","0.04053395241498947","0.04053395241498947","0.04053395241498947","367446","367446","367446","0.04237538203597069","0.04237538203597069","0.04237538203597069","367544","367544","367544","0.04437088966369629","0.04437088966369629","0.04437088966369629"
"187199","","","","","","","374568","374568","374568","0.035532884299755096","0.035532884299755096","0.035532884299755096","375651","375651","375651","0.06665647029876709","0.06665647029876709","0.06665647029876709","374571","374571","374571","0.0405876450240612","0.0405876450240612","0.0405876450240612","374568","374568","374568","0.03526982665061951","0.03526982665061951","0.03526982665061951","374568","374568","374568","0.03739914298057556","0.03739914298057556","0.03739914298057556","374568","374568","374568","0.0340220108628273","0.0340220108628273","0.0340220108628273","374601","374601","374601","0.0386197455227375","0.0386197455227375","0.0386197455227375","374651","374651","374651","0.041742417961359024","0.041742417961359024","0.041742417961359024","374751","374751","374751","0.043324507772922516","0.043324507772922516","0.043324507772922516"
"190799","","","","","","","381772","381772","381772","0.033662550151348114","0.033662550151348114","0.033662550151348114","382876","382876","382876","0.06869186460971832","0.06869186460971832","0.06869186460971832","381775","381775","381775","0.039679549634456635","0.039679549634456635","0.039679549634456635","381772","381772","381772","0.03592006862163544","0.03592006862163544","0.03592006862163544","381772","381772","381772","0.03357243165373802","0.03357243165373802","0.03357243165373802","381772","381772","381772","0.03697723522782326","0.03697723522782326","0.03697723522782326","381805","381805","381805","0.04180282726883888","0.04180282726883888","0.04180282726883888","381856","381856","381856","0.04141907021403313","0.04141907021403313","0.04141907021403313","381958","381958","381958","0.045587990432977676","0.045587990432977676","0.045587990432977676"
"194399","","","","","","","388975","388975","388975","0.03586316853761673","0.03586316853761673","0.03586316853761673","390100","390100","390100","0.0677167996764183","0.0677167996764183","0.0677167996764183","388978","388978","388978","0.03919568657875061","0.03919568657875061","0.03919568657875061","388975","388975","388975","0.0352710485458374","0.0352710485458374","0.0352710485458374","388975","388975","388975","0.034927815198898315","0.034927815198898315","0.034927815198898315","388975","388975","388975","0.034310854971408844","0.034310854971408844","0.034310854971408844","389009","389009","389009","0.0395229309797287","0.0395229309797287","0.0395229309797287","389061","389061","389061","0.041329141706228256","0.041329141706228256","0.041329141706228256","389165","389165","389165","0.04379938915371895","0.04379938915371895","0.04379938915371895"
"197999","","","","","","","396178","396178","396178","0.036527421325445175","0.036527421325445175","0.036527421325445175","397324","397324","397324","0.06795329600572586","0.06795329600572586","0.06795329600572586","396181","396181","396181","0.04029456526041031","0.04029456526041031","0.04029456526041031","396178","396178","396178","0.03649565204977989","0.03649565204977989","0.03649565204977989","396178","396178","396178","0.033433154225349426","0.033433154225349426","0.033433154225349426","396178","396178","396178","0.03642712160944939","0.03642712160944939","0.03642712160944939","396213","396213","396213","0.03974128141999245","0.03974128141999245","0.03974128141999245","396266","396266","396266","0.04022584110498428","0.04022584110498428","0.04022584110498428","396371","396371","396371","0.04559873789548874","0.04559873789548874","0.04559873789548874"
"201599","","","","","","","403381","403381","403381","0.036027226597070694","0.036027226597070694","0.036027226597070694","404548","404548","404548","0.06821772456169128","0.06821772456169128","0.06821772456169128","403385","403385","403385","0.03827301412820816","0.03827301412820816","0.03827301412820816","403381","403381","403381","0.03490063548088074","0.03490063548088074","0.03490063548088074","403381","403381","403381","0.034046925604343414","0.034046925604343414","0.034046925604343414","403381","403381","403381","0.03554295748472214","0.03554295748472214","0.03554295748472214","403417","403417","403417","0.04001563787460327","0.04001563787460327","0.04001563787460327","403471","403471","403471","0.04075973480939865","0.04075973480939865","0.04075973480939865","403578","403578","403578","0.043986156582832336","0.043986156582832336","0.043986156582832336"
"205199","","","","","","","410585","410585","410585","0.03452884033322334","0.03452884033322334","0.03452884033322334","411772","411772","411772","0.06779783964157104","0.06779783964157104","0.06779783964157104","410588","410588","410588","0.039517078548669815","0.039517078548669815","0.039517078548669815","410585","410585","410585","0.034073129296302795","0.034073129296302795","0.034073129296302795","410585","410585","410585","0.03422674164175987","0.03422674164175987","0.03422674164175987","410585","410585","410585","0.034007478505373","0.034007478505373","0.034007478505373","410621","410621","410621","0.039150260388851166","0.039150260388851166","0.039150260388851166","410675","410675","410675","0.043986767530441284","0.043986767530441284","0.043986767530441284","410785","410785","410785","0.04301207885146141","0.04301207885146141","0.04301207885146141"
"208799","","","","","","","417788","417788","417788","0.033013418316841125","0.033013418316841125","0.033013418316841125","418996","418996","418996","0.06811486929655075","0.06811486929655075","0.06811486929655075","417791","417791","417791","0.03815656900405884","0.03815656900405884","0.03815656900405884","417788","417788","417788","0.03467387333512306","0.03467387333512306","0.03467387333512306","417788","417788","417788","0.034329235553741455","0.034329235553741455","0.034329235553741455","417788","417788","417788","0.03338111191987991","0.03338111191987991","0.03338111191987991","417825","417825","417825","0.03930351510643959","0.03930351510643959","0.03930351510643959","417880","417880","417880","0.04031090810894966","0.04031090810894966","0.04031090810894966","417992","417992","417992","0.04520946368575096","0.04520946368575096","0.04520946368575096"
"212399","","","","","","","424991","424991","424991","0.03413191810250282","0.03413191810250282","0.03413191810250282","426220","426220","426220","0.06728795915842056","0.06728795915842056","0.06728795915842056","424994","424994","424994","0.03764260932803154","0.03764260932803154","0.03764260932803154","424991","424991","424991","0.03406325355172157","0.03406325355172157","0.03406325355172157","424991","424991","424991","0.035135071724653244","0.035135071724653244","0.035135071724653244","424991","424991","424991","0.034848082810640335","0.034848082810640335","0.034848082810640335","425028","425028","425028","0.040855634957551956","0.040855634957551956","0.040855634957551956","425085","425085","425085","0.03986135125160217","0.03986135125160217","0.03986135125160217","425198","425198","425198","0.04404411092400551","0.04404411092400551","0.04404411092400551"
"215999","","","","","","","432194","432194","432194","0.03511995077133179","0.03511995077133179","0.03511995077133179","","","","","","","432198","432198","432198","0.03733087703585625","0.03733087703585625","0.03733087703585625","432194","432194","432194","0.03433578088879585","0.03433578088879585","0.03433578088879585","432194","432194","432194","0.035888832062482834","0.035888832062482834","0.035888832062482834","432194","432194","432194","0.03527204692363739","0.03527204692363739","0.03527204692363739","432232","432232","432232","0.039311327040195465","0.039311327040195465","0.039311327040195465","432290","432290","432290","0.04207812622189522","0.04207812622189522","0.04207812622189522","432405","432405","432405","0.04396364837884903","0.04396364837884903","0.04396364837884903"
"219599","","","","","","","439398","439398","439398","0.0351388044655323","0.0351388044655323","0.0351388044655323","","","","","","","439401","439401","439401","0.03723679855465889","0.03723679855465889","0.03723679855465889","439398","439398","439398","0.03353168070316315","0.03353168070316315","0.03353168070316315","439398","439398","439398","0.035684023052453995","0.035684023052453995","0.035684023052453995","439398","439398","439398","0.033619608730077744","0.033619608730077744","0.033619608730077744","439436","439436","439436","0.040320444852113724","0.040320444852113724","0.040320444852113724","439495","439495","439495","0.04293195530772209","0.04293195530772209","0.04293195530772209","439612","439612","439612","0.04355793446302414","0.04355793446302414","0.04355793446302414"
"223199","","","","","","","446601","446601","446601","0.03416558355093002","0.03416558355093002","0.03416558355093002","","","","","","","446604","446604","446604","0.037871502339839935","0.037871502339839935","0.037871502339839935","446601","446601","446601","0.0352289080619812","0.0352289080619812","0.0352289080619812","446601","446601","446601","0.03479774668812752","0.03479774668812752","0.03479774668812752","446601","446601","446601","0.03452462702989578","0.03452462702989578","0.03452462702989578","446640","446640","446640","0.037758465856313705","0.037758465856313705","0.037758465856313705","446700","446700","446700","0.0406055822968483","0.0406055822968483","0.0406055822968483","446819","446819","446819","0.04621284082531929","0.04621284082531929","0.04621284082531929"
"226799","","","","","","","453804","453804","453804","0.03614291921257973","0.03614291921257973","0.03614291921257973","","","","","","","453808","453808","453808","0.037209074944257736","0.037209074944257736","0.037209074944257736","453804","453804","453804","0.03367020934820175","0.03367020934820175","0.03367020934820175","453804","453804","453804","0.03556608036160469","0.03556608036160469","0.03556608036160469","453804","453804","453804","0.03389642760157585","0.03389642760157585","0.03389642760157585","453844","453844","453844","0.041503407061100006","0.041503407061100006","0.041503407061100006","453905","453905","453905","0.03975243493914604","0.03975243493914604","0.03975243493914604","454025","454025","454025","0.04560818523168564","0.04560818523168564","0.04560818523168564"
"230399","","","","","","","461007","461007","461007","0.033138591796159744","0.033138591796159744","0.033138591796159744","","","","","","","461011","461011","461011","0.03760822117328644","0.03760822117328644","0.03760822117328644","461007","461007","461007","0.03608980029821396","0.03608980029821396","0.03608980029821396","461007","461007","461007","0.03323068469762802","0.03323068469762802","0.03323068469762802","461007","461007","461007","0.036150023341178894","0.036150023341178894","0.036150023341178894","461048","461048","461048","0.03910532221198082","0.03910532221198082","0.03910532221198082","461109","461109","461109","0.04095805436372757","0.04095805436372757","0.04095805436372757","461232","461232","461232","0.0443568117916584","0.0443568117916584","0.0443568117916584"
"233999","","","","","","","468211","468211","468211","0.03266288340091705","0.03266288340091705","0.03266288340091705","","","","","","","468214","468214","468214","0.03599077835679054","0.03599077835679054","0.03599077835679054","468211","468211","468211","0.03467594087123871","0.03467594087123871","0.03467594087123871","468211","468211","468211","0.03287089988589287","0.03287089988589287","0.03287089988589287","468211","468211","468211","0.033912789076566696","0.033912789076566696","0.033912789076566696","468252","468252","468252","0.038437265902757645","0.038437265902757645","0.038437265902757645","468314","468314","468314","0.03926926106214523","0.03926926106214523","0.03926926106214523","468439","468439","468439","0.044586408883333206","0.044586408883333206","0.044586408883333206"
"237599","","","","","","","475414","475414","475414","0.03283672407269478","0.03283672407269478","0.03283672407269478","","","","","","","475418","475418","475418","0.038951314985752106","0.038951314985752106","0.038951314985752106","475414","475414","475414","0.03417069837450981","0.03417069837450981","0.03417069837450981","475414","475414","475414","0.03448281064629555","0.03448281064629555","0.03448281064629555","475414","475414","475414","0.033583421260118484","0.033583421260118484","0.033583421260118484","475456","475456","475456","0.03952359780669212","0.03952359780669212","0.03952359780669212","475519","475519","475519","0.04033484682440758","0.04033484682440758","0.04033484682440758","475646","475646","475646","0.043264321982860565","0.043264321982860565","0.043264321982860565"
"241199","","","","","","","482617","482617","482617","0.033956192433834076","0.033956192433834076","0.033956192433834076","","","","","","","482621","482621","482621","0.03649762272834778","0.03649762272834778","0.03649762272834778","482617","482617","482617","0.033987801522016525","0.033987801522016525","0.033987801522016525","482617","482617","482617","0.033056579530239105","0.033056579530239105","0.033056579530239105","482617","482617","482617","0.035071369260549545","0.035071369260549545","0.035071369260549545","482659","482659","482659","0.03865095600485802","0.03865095600485802","0.03865095600485802","482724","482724","482724","0.03884502872824669","0.03884502872824669","0.03884502872824669","482852","482852","482852","0.04236520081758499","0.04236520081758499","0.04236520081758499"
"244799","","","","","","","489820","489820","489820","0.03441537916660309","0.03441537916660309","0.03441537916660309","","","","","","","489824","489824","489824","0.03670865669846535","0.03670865669846535","0.03670865669846535","489820","489820","489820","0.03583206981420517","0.03583206981420517","0.03583206981420517","489820","489820","489820","0.03438970446586609","0.03438970446586609","0.03438970446586609","489820","489820","489820","0.03284125775098801","0.03284125775098801","0.03284125775098801","489863","489863","489863","0.03911595046520233","0.03911595046520233","0.03911595046520233","489929","489929","489929","0.041978854686021805","0.041978854686021805","0.041978854686021805","490059","490059","490059","0.04553619399666786","0.04553619399666786","0.04553619399666786"
"248399","","","","","","","497024","497024","497024","0.03316344693303108","0.03316344693303108","0.03316344693303108","","","","","","","497028","497028","497028","0.0370534211397171","0.0370534211397171","0.0370534211397171","497024","497024","497024","0.03489278629422188","0.03489278629422188","0.03489278629422188","497024","497024","497024","0.033644646406173706","0.033644646406173706","0.033644646406173706","497024","497024","497024","0.03344203159213066","0.03344203159213066","0.03344203159213066","497067","497067","497067","0.038166344165802","0.038166344165802","0.038166344165802","497134","497134","497134","0.039233822375535965","0.039233822375535965","0.039233822375535965","497266","497266","497266","0.04299747198820114","0.04299747198820114","0.04299747198820114"
"251999","","","","","","","504227","504227","504227","0.033122703433036804","0.033122703433036804","0.033122703433036804","","","","","","","504231","504231","504231","0.03636494651436806","0.03636494651436806","0.03636494651436806","504227","504227","504227","0.035230666399002075","0.035230666399002075","0.035230666399002075","504227","504227","504227","0.03409610316157341","0.03409610316157341","0.03409610316157341","504227","504227","504227","0.03351700305938721","0.03351700305938721","0.03351700305938721","504271","504271","504271","0.038576629012823105","0.038576629012823105","0.038576629012823105","504338","504338","504338","0.04094206541776657","0.04094206541776657","0.04094206541776657","504473","504473","504473","0.04464549198746681","0.04464549198746681","0.04464549198746681"
"255599","","","","","","","511430","511430","511430","0.03218527510762215","0.03218527510762215","0.03218527510762215","","","","","","","511434","511434","511434","0.03744097054004669","0.03744097054004669","0.03744097054004669","511430","511430","511430","0.032822851091623306","0.032822851091623306","0.032822851091623306","511430","511430","511430","0.03210904821753502","0.03210904821753502","0.03210904821753502","511430","511430","511430","0.03362446650862694","0.03362446650862694","0.03362446650862694","511475","511475","511475","0.03799419105052948","0.03799419105052948","0.03799419105052948","511543","511543","511543","0.041120853275060654","0.041120853275060654","0.041120853275060654","511679","511679","511679","0.04245201125741005","0.04245201125741005","0.04245201125741005"
"259199","","","","","","","518633","518633","518633","0.032579775899648666","0.032579775899648666","0.032579775899648666","","","","","","","518637","518637","518637","0.04021921008825302","0.04021921008825302","0.04021921008825302","518633","518633","518633","0.03498297929763794","0.03498297929763794","0.03498297929763794","518633","518633","518633","0.03352681174874306","0.03352681174874306","0.03352681174874306","518633","518633","518633","0.03369034454226494","0.03369034454226494","0.03369034454226494","518679","518679","518679","0.038982510566711426","0.038982510566711426","0.038982510566711426","518748","518748","518748","0.04066584259271622","0.04066584259271622","0.04066584259271622","518886","518886","518886","0.04395046830177307","0.04395046830177307","0.04395046830177307"
"262799","","","","","","","525837","525837","525837","0.03469989448785782","0.03469989448785782","0.03469989448785782","","","","","","","525841","525841","525841","0.03615257889032364","0.03615257889032364","0.03615257889032364","525837","525837","525837","0.033580232411623","0.033580232411623","0.033580232411623","525837","525837","525837","0.034085195511579514","0.034085195511579514","0.034085195511579514","525837","525837","525837","0.03242079168558121","0.03242079168558121","0.03242079168558121","525883","525883","525883","0.03831633925437927","0.03831633925437927","0.03831633925437927","525953","525953","525953","0.042724594473838806","0.042724594473838806","0.042724594473838806","526093","526093","526093","0.046463657170534134","0.046463657170534134","0.046463657170534134"
"266399","","","","","","","533040","533040","533040","0.034479398280382156","0.034479398280382156","0.034479398280382156","","","","","","","533044","533044","533044","0.036879632622003555","0.036879632622003555","0.036879632622003555","533040","533040","533040","0.03344634175300598","0.03344634175300598","0.03344634175300598","533040","533040","533040","0.03342163562774658","0.03342163562774658","0.03342163562774658","533040","533040","533040","0.033451031893491745","0.033451031893491745","0.033451031893491745","533087","533087","533087","0.0377235971391201","0.0377235971391201","0.0377235971391201","533158","533158","533158","0.03947470709681511","0.03947470709681511","0.03947470709681511","533300","533300","533300","0.04436460882425308","0.04436460882425308","0.04436460882425308"
"269999","","","","","","","540243","540243","540243","0.03209741413593292","0.03209741413593292","0.03209741413593292","","","","","","","540247","540247","540247","0.03688212111592293","0.03688212111592293","0.03688212111592293","540243","540243","540243","0.03344425931572914","0.03344425931572914","0.03344425931572914","540243","540243","540243","0.03354991599917412","0.03354991599917412","0.03354991599917412","540243","540243","540243","0.034394580870866776","0.034394580870866776","0.034394580870866776","540290","540290","540290","0.039533112198114395","0.039533112198114395","0.039533112198114395","540363","540363","540363","0.04087667912244797","0.04087667912244797","0.04087667912244797","540506","540506","540506","0.042891137301921844","0.042891137301921844","0.042891137301921844"
"273599","","","","","","","547446","547446","547446","0.032948464155197144","0.032948464155197144","0.032948464155197144","","","","","","","547451","547451","547451","0.03797605261206627","0.03797605261206627","0.03797605261206627","547446","547446","547446","0.03313199430704117","0.03313199430704117","0.03313199430704117","547446","547446","547446","0.03420693054795265","0.03420693054795265","0.03420693054795265","547446","547446","547446","0.033916570246219635","0.033916570246219635","0.033916570246219635","547494","547494","547494","0.039275772869586945","0.039275772869586945","0.039275772869586945","547567","547567","547567","0.04099008068442345","0.04099008068442345","0.04099008068442345","547713","547713","547713","0.04338220879435539","0.04338220879435539","0.04338220879435539"
"277199","","","","","","","554650","554650","554650","0.03501084819436073","0.03501084819436073","0.03501084819436073","","","","","","","554654","554654","554654","0.03760572522878647","0.03760572522878647","0.03760572522878647","554650","554650","554650","0.033417172729969025","0.033417172729969025","0.033417172729969025","554650","554650","554650","0.03304625675082207","0.03304625675082207","0.03304625675082207","554650","554650","554650","0.03323240950703621","0.03323240950703621","0.03323240950703621","554698","554698","554698","0.03780865669250488","0.03780865669250488","0.03780865669250488","554772","554772","554772","0.04264752194285393","0.04264752194285393","0.04264752194285393","554920","554920","554920","0.0426151268184185","0.0426151268184185","0.0426151268184185"
"280799","","","","","","","561853","561853","561853","0.03233667463064194","0.03233667463064194","0.03233667463064194","","","","","","","561857","561857","561857","0.03750951215624809","0.03750951215624809","0.03750951215624809","561853","561853","561853","0.03335215523838997","0.03335215523838997","0.03335215523838997","561853","561853","561853","0.03348309174180031","0.03348309174180031","0.03348309174180031","561853","561853","561853","0.03327915817499161","0.03327915817499161","0.03327915817499161","561902","561902","561902","0.03949548676609993","0.03949548676609993","0.03949548676609993","561977","561977","561977","0.039362818002700806","0.039362818002700806","0.039362818002700806","562127","562127","562127","0.04382026195526123","0.04382026195526123","0.04382026195526123"
"284399","","","","","","","569056","569056","569056","0.034313078969717026","0.034313078969717026","0.034313078969717026","","","","","","","569061","569061","569061","0.038769908249378204","0.038769908249378204","0.038769908249378204","569056","569056","569056","0.033567678183317184","0.033567678183317184","0.033567678183317184","569056","569056","569056","0.03426672890782356","0.03426672890782356","0.03426672890782356","569056","569056","569056","0.03250274434685707","0.03250274434685707","0.03250274434685707","569106","569106","569106","0.03811034932732582","0.03811034932732582","0.03811034932732582","569182","569182","569182","0.038988299667835236","0.038988299667835236","0.038988299667835236","569334","569334","569334","0.04362145811319351","0.04362145811319351","0.04362145811319351"
"287999","","","","","","","576259","576259","576259","0.03299761936068535","0.03299761936068535","0.03299761936068535","","","","","","","576264","576264","576264","0.038223568350076675","0.038223568350076675","0.038223568350076675","576259","576259","576259","0.0343640111386776","0.0343640111386776","0.0343640111386776","576259","576259","576259","0.033115264028310776","0.033115264028310776","0.033115264028310776","576259","576259","576259","0.03217397257685661","0.03217397257685661","0.03217397257685661","576310","576310","576310","0.037512123584747314","0.037512123584747314","0.037512123584747314","576387","576387","576387","0.03944773226976395","0.03944773226976395","0.03944773226976395","576540","576540","576540","0.04510635882616043","0.04510635882616043","0.04510635882616043"
"291599","","","","","","","583463","583463","583463","0.03429027646780014","0.03429027646780014","0.03429027646780014","","","","","","","583467","583467","583467","0.03693031147122383","0.03693031147122383","0.03693031147122383","583463","583463","583463","0.0328105203807354","0.0328105203807354","0.0328105203807354","583463","583463","583463","0.03402424976229668","0.03402424976229668","0.03402424976229668","583463","583463","583463","0.031442075967788696","0.031442075967788696","0.031442075967788696","583514","583514","583514","0.03834554925560951","0.03834554925560951","0.03834554925560951","583592","583592","583592","0.04047504812479019","0.04047504812479019","0.04047504812479019","583747","583747","583747","0.043712031096220016","0.043712031096220016","0.043712031096220016"
"295199","","","","","","","590666","590666","590666","0.032747428864240646","0.032747428864240646","0.032747428864240646","","","","","","","590670","590670","590670","0.038329556584358215","0.038329556584358215","0.038329556584358215","590666","590666","590666","0.033015355467796326","0.033015355467796326","0.033015355467796326","590666","590666","590666","0.03317807987332344","0.03317807987332344","0.03317807987332344","590666","590666","590666","0.03294201195240021","0.03294201195240021","0.03294201195240021","590718","590718","590718","0.0372377447783947","0.0372377447783947","0.0372377447783947","590797","590797","590797","0.03998761996626854","0.03998761996626854","0.03998761996626854","590954","590954","590954","0.04325294867157936","0.04325294867157936","0.04325294867157936"
"298799","","","","","","","597869","597869","597869","0.0330452062189579","0.0330452062189579","0.0330452062189579","","","","","","","597874","597874","597874","0.03583333268761635","0.03583333268761635","0.03583333268761635","597869","597869","597869","0.03253782168030739","0.03253782168030739","0.03253782168030739","597869","597869","597869","0.03226642683148384","0.03226642683148384","0.03226642683148384","597869","597869","597869","0.03410790115594864","0.03410790115594864","0.03410790115594864","597922","597922","597922","0.036927226930856705","0.036927226930856705","0.036927226930856705","598001","598001","598001","0.03987390920519829","0.03987390920519829","0.03987390920519829","598161","598161","598161","0.04244883731007576","0.04244883731007576","0.04244883731007576"
"302399","","","","","","","605072","605072","605072","0.03272949159145355","0.03272949159145355","0.03272949159145355","","","","","","","605077","605077","605077","0.036660805344581604","0.036660805344581604","0.036660805344581604","605072","605072","605072","0.03514530509710312","0.03514530509710312","0.03514530509710312","605072","605072","605072","0.03360719606280327","0.03360719606280327","0.03360719606280327","605072","605072","605072","0.03163279592990875","0.03163279592990875","0.03163279592990875","605125","605125","605125","0.03798503056168556","0.03798503056168556","0.03798503056168556","605206","605206","605206","0.038945671170949936","0.038945671170949936","0.038945671170949936","605367","605367","605367","0.04207410663366318","0.04207410663366318","0.04207410663366318"
"305999","","","","","","","612276","612276","612276","0.03329950571060181","0.03329950571060181","0.03329950571060181","","","","","","","612280","612280","612280","0.037055790424346924","0.037055790424346924","0.037055790424346924","612276","612276","612276","0.033079419285058975","0.033079419285058975","0.033079419285058975","612276","612276","612276","0.03361199423670769","0.03361199423670769","0.03361199423670769","612276","612276","612276","0.03203359246253967","0.03203359246253967","0.03203359246253967","612329","612329","612329","0.037754401564598083","0.037754401564598083","0.037754401564598083","612411","612411","612411","0.039779383689165115","0.039779383689165115","0.039779383689165115","612574","612574","612574","0.04330873116850853","0.04330873116850853","0.04330873116850853"
"309599","","","","","","","619479","619479","619479","0.032847579568624496","0.032847579568624496","0.032847579568624496","","","","","","","619484","619484","619484","0.03688329830765724","0.03688329830765724","0.03688329830765724","619479","619479","619479","0.03342321142554283","0.03342321142554283","0.03342321142554283","619479","619479","619479","0.03358212858438492","0.03358212858438492","0.03358212858438492","619479","619479","619479","0.032644450664520264","0.032644450664520264","0.032644450664520264","619533","619533","619533","0.03838524594902992","0.03838524594902992","0.03838524594902992","619616","619616","619616","0.038952093571424484","0.038952093571424484","0.038952093571424484","619781","619781","619781","0.043148260563611984","0.043148260563611984","0.043148260563611984"
"313199","","","","","","","626682","626682","626682","0.032178815454244614","0.032178815454244614","0.032178815454244614","","","","","","","626687","626687","626687","0.038193266838788986","0.038193266838788986","0.038193266838788986","626682","626682","626682","0.03213067352771759","0.03213067352771759","0.03213067352771759","626682","626682","626682","0.034851353615522385","0.034851353615522385","0.034851353615522385","626682","626682","626682","0.03186531737446785","0.03186531737446785","0.03186531737446785","626737","626737","626737","0.037205129861831665","0.037205129861831665","0.037205129861831665","626821","626821","626821","0.039383262395858765","0.039383262395858765","0.039383262395858765","626988","626988","626988","0.04416048154234886","0.04416048154234886","0.04416048154234886"
"316799","","","","","","","633885","633885","633885","0.03363547474145889","0.03363547474145889","0.03363547474145889","","","","","","","633890","633890","633890","0.036285560578107834","0.036285560578107834","0.036285560578107834","633885","633885","633885","0.034676846116781235","0.034676846116781235","0.034676846116781235","633885","633885","633885","0.03361457958817482","0.03361457958817482","0.03361457958817482","633885","633885","633885","0.03237824887037277","0.03237824887037277","0.03237824887037277","633941","633941","633941","0.03972269594669342","0.03972269594669342","0.03972269594669342","634026","634026","634026","0.04069243744015694","0.04069243744015694","0.04069243744015694","634194","634194","634194","0.04178093746304512","0.04178093746304512","0.04178093746304512"
"320399","","","","","","","641089","641089","641089","0.03262560814619064","0.03262560814619064","0.03262560814619064","","","","","","","641094","641094","641094","0.037528470158576965","0.037528470158576965","0.037528470158576965","641089","641089","641089","0.033214353024959564","0.033214353024959564","0.033214353024959564","641089","641089","641089","0.033028800040483475","0.033028800040483475","0.033028800040483475","641089","641089","641089","0.03181781992316246","0.03181781992316246","0.03181781992316246","641145","641145","641145","0.03799283131957054","0.03799283131957054","0.03799283131957054","641230","641230","641230","0.03898679465055466","0.03898679465055466","0.03898679465055466","641401","641401","641401","0.042950328439474106","0.042950328439474106","0.042950328439474106"
"323999","","","","","","","648292","648292","648292","0.03196031600236893","0.03196031600236893","0.03196031600236893","","","","","","","648297","648297","648297","0.035893458873033524","0.035893458873033524","0.035893458873033524","648292","648292","648292","0.03415653854608536","0.03415653854608536","0.03415653854608536","648292","648292","648292","0.03289400041103363","0.03289400041103363","0.03289400041103363","648292","648292","648292","0.031447991728782654","0.031447991728782654","0.031447991728782654","648349","648349","648349","0.037860870361328125","0.037860870361328125","0.037860870361328125","648435","648435","648435","0.03920290991663933","0.03920290991663933","0.03920290991663933","648608","648608","648608","0.0423976369202137","0.0423976369202137","0.0423976369202137"
"327599","","","","","","","655495","655495","655495","0.03405148163437843","0.03405148163437843","0.03405148163437843","","","","","","","655500","655500","655500","0.03717092424631119","0.03717092424631119","0.03717092424631119","655495","655495","655495","0.03514456748962402","0.03514456748962402","0.03514456748962402","655495","655495","655495","0.03593260049819946","0.03593260049819946","0.03593260049819946","655495","655495","655495","0.03330271691083908","0.03330271691083908","0.03330271691083908","655553","655553","655553","0.038441624492406845","0.038441624492406845","0.038441624492406845","655640","655640","655640","0.0406319797039032","0.0406319797039032","0.0406319797039032","655815","655815","655815","0.0423811636865139","0.0423811636865139","0.0423811636865139"
"331199","","","","","","","662698","662698","662698","0.03220541775226593","0.03220541775226593","0.03220541775226593","","","","","","","662704","662704","662704","0.03584510460495949","0.03584510460495949","0.03584510460495949","662698","662698","662698","0.03198866918683052","0.03198866918683052","0.03198866918683052","662698","662698","662698","0.03575868904590607","0.03575868904590607","0.03575868904590607","662698","662698","662698","0.03185635060071945","0.03185635060071945","0.03185635060071945","662756","662756","662756","0.03728710114955902","0.03728710114955902","0.03728710114955902","662845","662845","662845","0.038855019956827164","0.038855019956827164","0.038855019956827164","663021","663021","663021","0.044984035193920135","0.044984035193920135","0.044984035193920135"
"334799","","","","","","","669902","669902","669902","0.03292668238282204","0.03292668238282204","0.03292668238282204","","","","","","","669907","669907","669907","0.036799170076847076","0.036799170076847076","0.036799170076847076","669902","669902","669902","0.032867394387722015","0.032867394387722015","0.032867394387722015","669902","669902","669902","0.031881436705589294","0.031881436705589294","0.031881436705589294","669902","669902","669902","0.03409659117460251","0.03409659117460251","0.03409659117460251","669960","669960","669960","0.039216235280036926","0.039216235280036926","0.039216235280036926","670050","670050","670050","0.03936399146914482","0.03936399146914482","0.03936399146914482","670228","670228","670228","0.04306114464998245","0.04306114464998245","0.04306114464998245"
"338399","","","","","","","677105","677105","677105","0.03222883120179176","0.03222883120179176","0.03222883120179176","","","","","","","677110","677110","677110","0.035133831202983856","0.035133831202983856","0.035133831202983856","677105","677105","677105","0.032955996692180634","0.032955996692180634","0.032955996692180634","677105","677105","677105","0.033378537744283676","0.033378537744283676","0.033378537744283676","677105","677105","677105","0.03200892359018326","0.03200892359018326","0.03200892359018326","677164","677164","677164","0.03812054917216301","0.03812054917216301","0.03812054917216301","677255","677255","677255","0.04108535870909691","0.04108535870909691","0.04108535870909691","677435","677435","677435","0.04411908984184265","0.04411908984184265","0.04411908984184265"
"341999","","","","","","","684308","684308","684308","0.03304881229996681","0.03304881229996681","0.03304881229996681","","","","","","","684313","684313","684313","0.03558952361345291","0.03558952361345291","0.03558952361345291","684308","684308","684308","0.034938566386699677","0.034938566386699677","0.034938566386699677","684308","684308","684308","0.03291105479001999","0.03291105479001999","0.03291105479001999","684308","684308","684308","0.03272765129804611","0.03272765129804611","0.03272765129804611","684368","684368","684368","0.03669629991054535","0.03669629991054535","0.03669629991054535","684459","684459","684459","0.039131756871938705","0.039131756871938705","0.039131756871938705","684642","684642","684642","0.04287127032876015","0.04287127032876015","0.04287127032876015"
"345599","","","","","","","691511","691511","691511","0.03259681910276413","0.03259681910276413","0.03259681910276413","","","","","","","691517","691517","691517","0.03563999384641647","0.03563999384641647","0.03563999384641647","691511","691511","691511","0.03258886933326721","0.03258886933326721","0.03258886933326721","691511","691511","691511","0.03276210278272629","0.03276210278272629","0.03276210278272629","691511","691511","691511","0.034357476979494095","0.034357476979494095","0.034357476979494095","691572","691572","691572","0.036721695214509964","0.036721695214509964","0.036721695214509964","691664","691664","691664","0.03984933719038963","0.03984933719038963","0.03984933719038963","691848","691848","691848","0.04347996786236763","0.04347996786236763","0.04347996786236763"
"349199","","","","","","","698715","698715","698715","0.0327901765704155","0.0327901765704155","0.0327901765704155","","","","","","","698720","698720","698720","0.03626489266753197","0.03626489266753197","0.03626489266753197","698715","698715","698715","0.03194430470466614","0.03194430470466614","0.03194430470466614","698715","698715","698715","0.03252667933702469","0.03252667933702469","0.03252667933702469","698715","698715","698715","0.03200211748480797","0.03200211748480797","0.03200211748480797","698776","698776","698776","0.03743362799286842","0.03743362799286842","0.03743362799286842","698869","698869","698869","0.03909618780016899","0.03909618780016899","0.03909618780016899","699055","699055","699055","0.043216556310653687","0.043216556310653687","0.043216556310653687"
"352799","","","","","","","705918","705918","705918","0.031819965690374374","0.031819965690374374","0.031819965690374374","","","","","","","705923","705923","705923","0.03646755963563919","0.03646755963563919","0.03646755963563919","705918","705918","705918","0.03356223553419113","0.03356223553419113","0.03356223553419113","705918","705918","705918","0.032340507954359055","0.032340507954359055","0.032340507954359055","705918","705918","705918","0.032203253358602524","0.032203253358602524","0.032203253358602524","705980","705980","705980","0.03660762310028076","0.03660762310028076","0.03660762310028076","706074","706074","706074","0.038056112825870514","0.038056112825870514","0.038056112825870514","706262","706262","706262","0.043461237102746964","0.043461237102746964","0.043461237102746964"
"356399","","","","","","","713121","713121","713121","0.033656541258096695","0.033656541258096695","0.033656541258096695","","","","","","","713127","713127","713127","0.03503995016217232","0.03503995016217232","0.03503995016217232","713121","713121","713121","0.032060153782367706","0.032060153782367706","0.032060153782367706","713121","713121","713121","0.032945018261671066","0.032945018261671066","0.032945018261671066","713121","713121","713121","0.03142085298895836","0.03142085298895836","0.03142085298895836","713184","713184","713184","0.03747440502047539","0.03747440502047539","0.03747440502047539","713279","713279","713279","0.039552561938762665","0.039552561938762665","0.039552561938762665","713469","713469","713469","0.04269745945930481","0.04269745945930481","0.04269745945930481"
"359999","","","","","","","720324","720324","720324","0.03165080398321152","0.03165080398321152","0.03165080398321152","","","","","","","720330","720330","720330","0.036086373031139374","0.036086373031139374","0.036086373031139374","720324","720324","720324","0.034042734652757645","0.034042734652757645","0.034042734652757645","720324","720324","720324","0.03279053792357445","0.03279053792357445","0.03279053792357445","720324","720324","720324","0.03083033859729767","0.03083033859729767","0.03083033859729767","720387","720387","720387","0.03677261993288994","0.03677261993288994","0.03677261993288994","720484","720484","720484","0.03980610892176628","0.03980610892176628","0.03980610892176628","720675","720675","720675","0.0425744466483593","0.0425744466483593","0.0425744466483593"
"363599","","","","","","","727528","727528","727528","0.031959276646375656","0.031959276646375656","0.031959276646375656","","","","","","","727533","727533","727533","0.03681598976254463","0.03681598976254463","0.03681598976254463","727528","727528","727528","0.03515349328517914","0.03515349328517914","0.03515349328517914","727528","727528","727528","0.03100140392780304","0.03100140392780304","0.03100140392780304","727528","727528","727528","0.030899764969944954","0.030899764969944954","0.030899764969944954","727591","727591","727591","0.03728654235601425","0.03728654235601425","0.03728654235601425","727689","727689","727689","0.03882591426372528","0.03882591426372528","0.03882591426372528","727882","727882","727882","0.0443880595266819","0.0443880595266819","0.0443880595266819"
"367199","","","","","","","734731","734731","734731","0.032321274280548096","0.032321274280548096","0.032321274280548096","","","","","","","734737","734737","734737","0.03537719324231148","0.03537719324231148","0.03537719324231148","734731","734731","734731","0.033302418887615204","0.033302418887615204","0.033302418887615204","734731","734731","734731","0.031130852177739143","0.031130852177739143","0.031130852177739143","734731","734731","734731","0.032119009643793106","0.032119009643793106","0.032119009643793106","734795","734795","734795","0.03995891287922859","0.03995891287922859","0.03995891287922859","734893","734893","734893","0.04340681433677673","0.04340681433677673","0.04340681433677673","735089","735089","735089","0.042616426944732666","0.042616426944732666","0.042616426944732666"
"370799","","","","","","","741934","741934","741934","0.03186408802866936","0.03186408802866936","0.03186408802866936","","","","","","","741940","741940","741940","0.03490973636507988","0.03490973636507988","0.03490973636507988","741934","741934","741934","0.03343164175748825","0.03343164175748825","0.03343164175748825","741934","741934","741934","0.03192400187253952","0.03192400187253952","0.03192400187253952","741934","741934","741934","0.032454963773489","0.032454963773489","0.032454963773489","741999","741999","741999","0.03742459416389465","0.03742459416389465","0.03742459416389465","742098","742098","742098","0.038914017379283905","0.038914017379283905","0.038914017379283905","742296","742296","742296","0.04323052987456322","0.04323052987456322","0.04323052987456322"
"374399","","","","","","","749137","749137","749137","0.031996604055166245","0.031996604055166245","0.031996604055166245","","","","","","","749143","749143","749143","0.03482646495103836","0.03482646495103836","0.03482646495103836","749137","749137","749137","0.03217769041657448","0.03217769041657448","0.03217769041657448","749137","749137","749137","0.03155860677361488","0.03155860677361488","0.03155860677361488","749137","749137","749137","0.032222580164670944","0.032222580164670944","0.032222580164670944","749203","749203","749203","0.037394631654024124","0.037394631654024124","0.037394631654024124","749303","749303","749303","0.03876345604658127","0.03876345604658127","0.03876345604658127","749503","749503","749503","0.04311830550432205","0.04311830550432205","0.04311830550432205"
"377999","","","","","","","756341","756341","756341","0.03305978327989578","0.03305978327989578","0.03305978327989578","","","","","","","756346","756346","756346","0.035724833607673645","0.035724833607673645","0.035724833607673645","756341","756341","756341","0.032705482095479965","0.032705482095479965","0.032705482095479965","756341","756341","756341","0.031058410182595253","0.031058410182595253","0.031058410182595253","756341","756341","756341","0.034176748245954514","0.034176748245954514","0.034176748245954514","756407","756407","756407","0.03673732280731201","0.03673732280731201","0.03673732280731201","756508","756508","756508","0.038923230022192","0.038923230022192","0.038923230022192","756709","756709","756709","0.04407423362135887","0.04407423362135887","0.04407423362135887"
"381599","","","","","","","763544","763544","763544","0.03138037025928497","0.03138037025928497","0.03138037025928497","","","","","","","763550","763550","763550","0.03557632490992546","0.03557632490992546","0.03557632490992546","763544","763544","763544","0.031799376010894775","0.031799376010894775","0.031799376010894775","763544","763544","763544","0.032860711216926575","0.032860711216926575","0.032860711216926575","763544","763544","763544","0.03248005732893944","0.03248005732893944","0.03248005732893944","763611","763611","763611","0.036404307931661606","0.036404307931661606","0.036404307931661606","763713","763713","763713","0.040394797921180725","0.040394797921180725","0.040394797921180725","763916","763916","763916","0.04322393983602524","0.04322393983602524","0.04322393983602524"
"385199","","","","","","","770747","770747","770747","0.03342251852154732","0.03342251852154732","0.03342251852154732","","","","","","","770753","770753","770753","0.03535989299416542","0.03535989299416542","0.03535989299416542","770747","770747","770747","0.033598896116018295","0.033598896116018295","0.033598896116018295","770747","770747","770747","0.0318133719265461","0.0318133719265461","0.0318133719265461","770747","770747","770747","0.03331569582223892","0.03331569582223892","0.03331569582223892","770815","770815","770815","0.03698858618736267","0.03698858618736267","0.03698858618736267","770918","770918","770918","0.03951624408364296","0.03951624408364296","0.03951624408364296","771123","771123","771123","0.04271303862333298","0.04271303862333298","0.04271303862333298"
"388799","","","","","","","777950","777950","777950","0.03201404586434364","0.03201404586434364","0.03201404586434364","","","","","","","777956","777956","777956","0.03714748099446297","0.03714748099446297","0.03714748099446297","777950","777950","777950","0.03314697742462158","0.03314697742462158","0.03314697742462158","777950","777950","777950","0.03185895457863808","0.03185895457863808","0.03185895457863808","777950","777950","777950","0.03209904208779335","0.03209904208779335","0.03209904208779335","778019","778019","778019","0.03739114850759506","0.03739114850759506","0.03739114850759506","778122","778122","778122","0.038868214935064316","0.038868214935064316","0.038868214935064316","778330","778330","778330","0.0422845222055912","0.0422845222055912","0.0422845222055912"
"392399","","","","","","","","","","","","","","","","","","","785160","785160","785160","0.035912640392780304","0.035912640392780304","0.035912640392780304","785154","785154","785154","0.031497806310653687","0.031497806310653687","0.031497806310653687","785154","785154","785154","0.03139491379261017","0.03139491379261017","0.03139491379261017","785154","785154","785154","0.03105822391808033","0.03105822391808033","0.03105822391808033","785222","785222","785222","0.03603027015924454","0.03603027015924454","0.03603027015924454","785327","785327","785327","0.039698705077171326","0.039698705077171326","0.039698705077171326","785536","785536","785536","0.04244682192802429","0.04244682192802429","0.04244682192802429"
"395999","","","","","","","","","","","","","","","","","","","792363","792363","792363","0.035192329436540604","0.035192329436540604","0.035192329436540604","792357","792357","792357","0.03446351736783981","0.03446351736783981","0.03446351736783981","792357","792357","792357","0.03213467821478844","0.03213467821478844","0.03213467821478844","792357","792357","792357","0.03357332572340965","0.03357332572340965","0.03357332572340965","792426","792426","792426","0.03931346908211708","0.03931346908211708","0.03931346908211708","792532","792532","792532","0.041123006492853165","0.041123006492853165","0.041123006492853165","792743","792743","792743","0.0416700579226017","0.0416700579226017","0.0416700579226017"
"399599","","","","","","","","","","","","","","","","","","","799566","799566","799566","0.03504611551761627","0.03504611551761627","0.03504611551761627","799560","799560","799560","0.03248018026351929","0.03248018026351929","0.03248018026351929","799560","799560","799560","0.03312550112605095","0.03312550112605095","0.03312550112605095","","","","","","","799630","799630","799630","0.036740973591804504","0.036740973591804504","0.036740973591804504","799737","799737","799737","0.042472854256629944","0.042472854256629944","0.042472854256629944","799950","799950","799950","0.04265644773840904","0.04265644773840904","0.04265644773840904"
"403199","","","","","","","","","","","","","","","","","","","","","","","","","806763","806763","806763","0.03275884687900543","0.03275884687900543","0.03275884687900543","806763","806763","806763","0.03186706453561783","0.03186706453561783","0.03186706453561783","","","","","","","","","","","","","","","","","","","807157","807157","807157","0.04367676004767418","0.04367676004767418","0.04367676004767418"